Datetime,Water Level (m)
2025-05-05 06:00:00,0.12925324
2025-05-05 07:00:00,0.010428425
2025-05-05 08:00:00,-0.11956097
2025-05-05 09:00:00,-0.21015929
2025-05-05 10:00:00,-0.24506253
2025-05-05 11:00:00,-0.15334018
2025-05-05 12:00:00,-0.02793453
2025-05-05 13:00:00,0.14890262
2025-05-05 14:00:00,0.4042734
2025-05-05 15:00:00,0.6165041
2025-05-05 16:00:00,0.68004894
2025-05-05 17:00:00,0.61330354
2025-05-05 18:00:00,0.44372758
2025-05-05 19:00:00,0.24675103
2025-05-05 20:00:00,0.050072588
2025-05-05 21:00:00,-0.10626536
2025-05-05 22:00:00,-0.24411376
2025-05-05 23:00:00,-0.37588322
2025-05-06 00:00:00,-0.4019197
2025-05-06 01:00:00,-0.24063611
2025-05-06 02:00:00,-0.051544644
2025-05-06 03:00:00,0.17914143
2025-05-06 04:00:00,0.40435657
2025-05-06 05:00:00,0.48902702
2025-05-06 06:00:00,0.44396773
2025-05-06 07:00:00,0.331942
2025-05-06 08:00:00,0.18509255
2025-05-06 09:00:00,0.013298006
2025-05-06 10:00:00,-0.12071698
2025-05-06 11:00:00,-0.2132773
2025-05-06 12:00:00,-0.22316745
2025-05-06 13:00:00,-0.092134684
2025-05-06 14:00:00,0.038836896
2025-05-06 15:00:00,0.26344517
2025-05-06 16:00:00,0.53135014
2025-05-06 17:00:00,0.6515908
2025-05-06 18:00:00,0.618543
2025-05-06 19:00:00,0.47555867
2025-05-06 20:00:00,0.29398283
2025-05-06 21:00:00,0.093149
2025-05-06 22:00:00,-0.07465546
2025-05-06 23:00:00,-0.2164958
2025-05-07 00:00:00,-0.3442707
2025-05-07 01:00:00,-0.35910612
2025-05-07 02:00:00,-0.18286164
2025-05-07 03:00:00,-0.0020467618
2025-05-07 04:00:00,0.23896094
2025-05-07 05:00:00,0.5028296
2025-05-07 06:00:00,0.60631925
2025-05-07 07:00:00,0.56410575
2025-05-07 08:00:00,0.43100673
2025-05-07 09:00:00,0.2594865
2025-05-07 10:00:00,0.06609893
2025-05-07 11:00:00,-0.08720087
2025-05-07 12:00:00,-0.19453496
2025-05-07 13:00:00,-0.21863171
2025-05-07 14:00:00,-0.066994466
2025-05-07 15:00:00,0.080413654
2025-05-07 16:00:00,0.30410093
2025-05-07 17:00:00,0.58781147
2025-05-07 18:00:00,0.72129285
2025-05-07 19:00:00,0.67702377
2025-05-07 20:00:00,0.5217887
2025-05-07 21:00:00,0.32525542
2025-05-07 22:00:00,0.12181967
2025-05-07 23:00:00,-0.046483394
2025-05-08 00:00:00,-0.18616
2025-05-08 01:00:00,-0.30957967
2025-05-08 02:00:00,-0.26712057
2025-05-08 03:00:00,-0.09122977
2025-05-08 04:00:00,0.13227817
2025-05-08 05:00:00,0.423616
2025-05-08 06:00:00,0.699664
2025-05-08 07:00:00,0.7514394
2025-05-08 08:00:00,0.6583966
2025-05-08 09:00:00,0.47626972
2025-05-08 10:00:00,0.27372977
2025-05-08 11:00:00,0.07338138
2025-05-08 12:00:00,-0.07929294
2025-05-08 13:00:00,-0.18680052
2025-05-08 14:00:00,-0.19421388
2025-05-08 15:00:00,-0.020955902
2025-05-08 16:00:00,0.14483924
2025-05-08 17:00:00,0.4068846
2025-05-08 18:00:00,0.7005324
2025-05-08 19:00:00,0.7727374
2025-05-08 20:00:00,0.67548895
2025-05-08 21:00:00,0.483488
2025-05-08 22:00:00,0.27649644
2025-05-08 23:00:00,0.073812306
2025-05-09 00:00:00,-0.090770885
2025-05-09 01:00:00,-0.23685242
2025-05-09 02:00:00,-0.3258065
2025-05-09 03:00:00,-0.1499668
2025-05-09 04:00:00,0.073495105
2025-05-09 05:00:00,0.33251822
2025-05-09 06:00:00,0.6603326
2025-05-09 07:00:00,0.8641683
2025-05-09 08:00:00,0.8351327
2025-05-09 09:00:00,0.68029803
2025-05-09 10:00:00,0.4699878
2025-05-09 11:00:00,0.24519502
2025-05-09 12:00:00,0.057704683
2025-05-09 13:00:00,-0.08892436
2025-05-09 14:00:00,-0.20711249
2025-05-09 15:00:00,-0.13980237
2025-05-09 16:00:00,0.08512549
2025-05-09 17:00:00,0.3032703
2025-05-09 18:00:00,0.60824895
2025-05-09 19:00:00,0.8529933
2025-05-09 20:00:00,0.811832
2025-05-09 21:00:00,0.64524364
2025-05-09 22:00:00,0.44694063
2025-05-09 23:00:00,0.23040546
2025-05-10 00:00:00,0.039977867
2025-05-10 01:00:00,-0.117234245
2025-05-10 02:00:00,-0.26394343
2025-05-10 03:00:00,-0.24013929
2025-05-10 04:00:00,0.0298179
2025-05-10 05:00:00,0.25458908
2025-05-10 06:00:00,0.5873722
2025-05-10 07:00:00,0.9219638
2025-05-10 08:00:00,0.99117064
2025-05-10 09:00:00,0.87897444
2025-05-10 10:00:00,0.66073227
2025-05-10 11:00:00,0.42793104
2025-05-10 12:00:00,0.20983073
2025-05-10 13:00:00,0.035315797
2025-05-10 14:00:00,-0.106918275
2025-05-10 15:00:00,-0.20488113
2025-05-10 16:00:00,-0.0035774051
2025-05-10 17:00:00,0.23264082
2025-05-10 18:00:00,0.4971828
2025-05-10 19:00:00,0.804745
2025-05-10 20:00:00,0.9096574
2025-05-10 21:00:00,0.7768619
2025-05-10 22:00:00,0.5833971
2025-05-10 23:00:00,0.37039515
2025-05-11 00:00:00,0.16165254
2025-05-11 01:00:00,-0.02030249
2025-05-11 02:00:00,-0.17183523
2025-05-11 03:00:00,-0.2772446
2025-05-11 04:00:00,-0.06265804
2025-05-11 05:00:00,0.2066638
2025-05-11 06:00:00,0.5016922
